sample_name	rl20	genome_span	genome_size	fraction_span
PD44900_1	4	577953832	2881033286	0.200606440338086
PD44900_2	4	462706187	2881033286	0.160604248915991
PD44900_3	4	482403996	2881033286	0.167441312929003
PD44900_5	2	127676410	2881033286	0.0443161870501207
