sample_name	p.value	sd	nr_total_runs	fdr
PD44898_1	0.948636694849487	18.8225305175654	712	0.948636694849487
PD44898_2	0.211763281371216	18.9112407517984	741	0.618862058529919
PD44898_3	0.412574705686613	20.1370190891771	796	0.618862058529919
