sample_name	p.value	sd	nr_total_runs	fdr
PD44892_1	0.21163337461636	17.2189624316069	617	0.63490012384908
PD44892_2	0.424085561491732	16.278445322492	545	0.636128342237598
PD44892_3	0.98796008974477	17.2339872607808	596	0.98796008974477
