sample_name	p.value	sd	nr_total_runs	fdr
PD44894_1	0.868292998190096	25.0618032747527	1262	0.868292998190096
PD44894_2	0.419020849325513	24.5476554182696	1187	0.794699704419198
PD44894_3	0.0294072320753239	23.692937224063	1075	0.117628928301296
PD44894_5	0.596024778314399	1.55828504357308	8	0.794699704419198
