sample_name	p.value	sd	nr_total_runs	fdr
PD44891_1	0.368235217969913	34.4993905554939	2413	0.597948205009815
PD44891_2	0.711603751288816	36.503360904703	2653	0.711603751288816
PD44891_3	0.448461153757362	32.3186780209013	2066	0.597948205009815
PD44891_5	0.236777169426172	3.13055882897454	28	0.597948205009815
