sample_name	p.value	fraction_strand_switches	conf_low	conf_high	nr_strand_switches	max_possible_switches	fdr
PD44893_1	0.341776691775966	0.511290322580645	0.488301872291416	0.534243115017002	951	1860	0.453125
PD44893_2	0.0521269088220715	0.523563218390805	0.499785674840362	0.547261172712927	911	1740	0.208507635288286
PD44893_3	0.340736109914366	0.48866090712743	0.465658246096864	0.511699535799834	905	1852	0.453125
PD44893_5	0.453125	0.285714285714286	0.0366925661760856	0.709579136262657	2	7	0.453125
