sample_name	p.value	sd	nr_total_runs	fdr
PD44895_1	0.830175361091676	21.2003040460385	905	0.909433260977708
PD44895_2	0.909433260977708	22.0339156288109	975	0.909433260977708
PD44895_3	0.860164657040656	21.0606763665961	897	0.909433260977708
PD44895_5	0.285446205776583	3.00564715181736	23	0.909433260977708
