sample_name	p.value	sd	nr_total_runs	fdr
PD44893_1	0.308023419925189	21.6547185322446	963	0.350314181716165
PD44893_2	0.0479919861547284	20.9880276741787	924	0.191967944618914
PD44893_3	0.350314181716165	21.6381494494485	918	0.350314181716165
PD44893_5	0.232738842230687	2.20924322065913	9	0.350314181716165
