sample_name	p.value	sd	nr_total_runs	fdr
PD44896_1	0.994697768955795	24.5170752959847	1204	0.994697768955795
PD44896_2	0.11874946427768	21.8110891173885	987	0.474997857110719
PD44896_3	0.335523462068616	22.808228741127	1020	0.671046924137232
PD44896_5	0.662218663990858	2.11301965703254	13	0.882958218654477
