sample_name	p.value	fraction_strand_switches	conf_low	conf_high	nr_strand_switches	max_possible_switches	fdr
PD44902_1	0.927735541924317	0.501828153564899	0.471771864298899	0.53187458632255	549	1094	0.927735541924317
PD44902_2	0.117228119971033	0.525024533856722	0.493838113963496	0.556066010682066	535	1019	0.17584217995655
PD44902_3	0.095646864982493	0.520113314447592	0.496505558180091	0.543654103500165	918	1765	0.17584217995655
PD44902_5	NA	NA	NA	NA	NA	NA	NA
