sample_name	p.value	fraction_strand_switches	conf_low	conf_high	nr_strand_switches	max_possible_switches	fdr
PD44898_1	0.851499227914352	0.502861230329042	0.476311551598276	0.529398861237088	703	1398	0.851499227914352
PD44898_2	0.201287720437896	0.517363571934798	0.490922967607024	0.543731741267318	730	1411	0.603863161313688
PD44898_3	0.438349206763898	0.49	0.465230308991426	0.514806444963053	784	1600	0.657523810145847
