sample_name	p.value	fraction_strand_switches	conf_low	conf_high	nr_strand_switches	max_possible_switches	fdr
PD44891_1	0.375510951773027	0.506542845082313	0.492201131478576	0.520876489139271	2400	4738	0.864166240440682
PD44891_2	0.700718537001073	0.497267759562842	0.483726160260385	0.510812365840093	2639	5307	0.864166240440682
PD44891_3	0.534902951567565	0.495066185318893	0.479751456332499	0.510387857434767	2057	4155	0.864166240440682
PD44891_5	0.864166240440682	0.470588235294118	0.297786666418196	0.648707162948588	16	34	0.864166240440682
