sample_name	p.value	fraction_strand_switches	conf_low	conf_high	nr_strand_switches	max_possible_switches	fdr
PD44892_1	0.23025226863296	0.517979452054795	0.488880701836867	0.546987456307751	605	1168	0.684824991506595
PD44892_2	0.45654999433773	0.512030798845043	0.481158340832989	0.542834928305988	532	1039	0.684824991506595
PD44892_3	0.930055795806282	0.498287671232877	0.469220278041058	0.52736370679182	582	1168	0.930055795806282
