sample_name	p.value	fraction_strand_switches	conf_low	conf_high	nr_strand_switches	max_possible_switches	fdr
PD44899_1	0.344963327650609	0.487955528103768	0.463339008797638	0.51261579239425	790	1619	0.530080725147154
PD44899_2	0.353387150098103	0.511325028312571	0.487725784915152	0.534886586892156	903	1766	0.530080725147154
PD44899_3	0.802781188180104	0.493934142114385	0.452394391408028	0.535536285162686	285	577	0.802781188180104
PD44899_5	NA	NA	NA	NA	NA	NA	NA
