sample_name	p.value	sd	nr_total_runs	fdr
PD44900_1	0.79037001162322	21.7954993517322	946	0.79037001162322
PD44900_2	0.0323005992145371	17.3048487114749	639	0.129202396858148
PD44900_3	0.717757021266208	18.0684482542887	661	0.79037001162322
PD44900_5	0.45888162297452	2.20924322065913	10	0.79037001162322
