sample_name	p.value	fraction_strand_switches	conf_low	conf_high	nr_strand_switches	max_possible_switches	fdr
PD44896_1	0.9836535442922	0.499580184718724	0.479302017881572	0.519859385217696	1190	2382	0.9836535442922
PD44896_2	0.188627766004932	0.515425531914894	0.492559575460781	0.538243292059402	969	1880	0.732234707125963
PD44896_3	0.366117353562982	0.489795918367347	0.467982980353083	0.511637963247925	1008	2058	0.732234707125963
PD44896_5	0.7744140625	0.583333333333333	0.276669685682106	0.84834777019157	7	12	0.9836535442922
