sample_name	rl20	genome_span	genome_size	fraction_span
PD44899_1	5	452983990	2881033286	0.157229696790112
PD44899_2	4	468468535	2881033286	0.162604346599
PD44899_3	4	442579291	2881033286	0.15361824979623
PD44899_5	1	0	2881033286	0
