sample_name	p.value	sd	nr_total_runs	fdr
PD44901_1	0.0244171611190707	19.9604898587553	754	0.0976686444762829
PD44901_2	0.245716824538513	17.9034512313387	623	0.327622432718017
PD44901_3	0.185648146334757	17.2505660340362	574	0.327622432718017
PD44901_5	0.466172265919325	1.60097823630782	8	0.466172265919325
