sample_name	p.value	fraction_strand_switches	conf_low	conf_high	nr_strand_switches	max_possible_switches	fdr
PD44897_1	0.032662613835783	0.477191413237925	0.456306367486525	0.498136309291028	1067	2236	0.097987841507349
PD44897_2	0.343639998391427	0.489813994685562	0.468998199072175	0.510656256269067	1106	2258	0.396093230574334
PD44897_3	0.396093230574334	0.490530303030303	0.468998958677807	0.512087964329264	1036	2112	0.396093230574334
PD44897_5	NA	NA	NA	NA	NA	NA	NA
