sample_name	p.value	fraction_strand_switches	conf_low	conf_high	nr_strand_switches	max_possible_switches	fdr
PD44895_1	0.669215465882858	0.505352112676056	0.481818714137593	0.528867792675174	897	1775	0.981037653103584
PD44895_2	0.927248703870167	0.501302761855133	0.478684035260673	0.523917501342554	962	1919	0.981037653103584
PD44895_3	0.981037653103584	0.499435028248588	0.47587655435456	0.522995377839581	884	1770	0.981037653103584
PD44895_5	0.404872894287109	0.608695652173913	0.38541895738885	0.802923576030986	14	23	0.981037653103584
